Dimension,MAE,MSE,RMSE,R2,Pearson_r,Pearson_p,Spearman_r,Spearman_p,MBE,MAPE
relevance,18.6937,362.4724,19.0387,-23.1273,0.4597,0.010604,0.3083,0.097422,-18.6937,20.1669
depth,20.5473,454.9324,21.3291,-11.2407,0.5438,0.001895,0.3578,0.052205,-20.5473,23.147
clarity,18.3673,344.7183,18.5666,-48.5522,0.0492,0.796191,0.0178,0.925453,-18.3673,20.591
confidence,12.799,176.7052,13.2931,-11.4626,0.4018,0.027741,0.2681,0.152082,-12.799,14.7962
structure,11.6817,163.8692,12.8011,-4.2232,0.5165,0.003479,0.3435,0.063108,-11.6817,13.4434
sentiment,11.391,149.5742,12.2301,-5.8178,0.5126,0.003779,0.4193,0.0211,-11.391,13.9916
